-- OMEGA SYSTEM SEED DATA 
-- Generated: 2025-12-09T09:26:45.185Z

-- 1. ROLES
INSERT INTO roles (id, name, description, permissions) VALUES 
(1, 'super_admin', 'System Super Admin', '["all"]'),
(2, 'hotel_manager', 'Hotel Manager', '["manage_hotel", "view_bookings"]'),
(3, 'staff', 'Support Staff', '["view_users", "manage_reviews"]'),
(4, 'host', 'Property Owner', '["create_property", "manage_bookings"]'),
(5, 'guest', 'Regular User', '["book_room", "write_review"]');

INSERT INTO users (id, email, password_hash, first_name, last_name, phone_number, role_id, provider, is_email_verified, avatar_url) VALUES 
('c5e109f5-82a8-4678-b6b8-1a4714e75699', 'admin@booking.com', '$2a$10$abcdef123456', 'Admin', 'Super', '0900000001', 1, 'local', true, 'https://ui-avatars.com/api/?name=Admin+Super'),
('d6a4dd59-3fc2-4189-a3bc-222b21ccfd03', 'host@booking.com', '$2a$10$abcdef123456', 'Chu', 'Nha', '0900000002', 4, 'local', true, 'https://ui-avatars.com/api/?name=Chu+Nha'),
('3af419cf-6323-4110-96c6-6923ce5a2b37', 'guest@booking.com', '$2a$10$abcdef123456', 'Khach', 'Hang', '0900000003', 5, 'local', true, 'https://ui-avatars.com/api/?name=Khach+Hang'),
('9a746f81-6c1e-4346-8f73-3683147efae5', 'NhaYen_7koan5@gmail.com', '$2a$10$sampleHashedPassword', 'Nhã Yến', 'Đoàn', '024 5613 4237', 5, 'local', false, 'https://cdn.jsdelivr.net/gh/faker-js/assets-person-portrait/female/512/88.jpg'),
('d9805e2a-5a2d-434e-a1de-e475f8116432', 'PhuongLinh.Phan@yahoo.com', '$2a$10$sampleHashedPassword', 'Phương Linh', 'Phan', '022 2665 8611', 4, 'local', false, 'https://avatars.githubusercontent.com/u/80859139'),
('b20c9354-3828-4ed2-bea0-598bfde46761', 'ThuyUyen.To80@gmail.com', '$2a$10$sampleHashedPassword', 'Thụy Uyên', 'Tô', '020 6346 7308', 5, 'local', false, 'https://avatars.githubusercontent.com/u/16132139'),
('13740b76-7397-4278-aeea-e61845966e9e', '7kangKhuong.Hoang98@yahoo.com', '$2a$10$sampleHashedPassword', 'Đăng Khương', 'Hoàng', '0285 8003 0393', 4, 'local', true, 'https://cdn.jsdelivr.net/gh/faker-js/assets-person-portrait/female/512/58.jpg'),
('e8be4f75-1593-4d36-8226-2384b9e1c68a', 'ThanhThao.7kinh4@yahoo.com', '$2a$10$sampleHashedPassword', 'Thanh Thảo', 'Đinh', '029 6105 5949', 4, 'local', true, 'https://avatars.githubusercontent.com/u/45015512'),
('78a1da47-0735-498f-9d02-c42ec8b51280', 'NhanSam_Mai87@gmail.com', '$2a$10$sampleHashedPassword', 'Nhân Sâm', 'Mai', '0218 6254 9537', 5, 'local', true, 'https://cdn.jsdelivr.net/gh/faker-js/assets-person-portrait/female/512/74.jpg'),
('334fa9d5-5afb-44f2-9fa1-aaa5e2f733a8', 'HuuNam.Ho23@gmail.com', '$2a$10$sampleHashedPassword', 'Hữu Nam', 'Hồ', '0252 2778 9125', 5, 'local', false, 'https://cdn.jsdelivr.net/gh/faker-js/assets-person-portrait/male/512/17.jpg'),
('eb4ce09a-fb93-401a-be6f-f61a01c2a2a5', 'XuanLoc.Hoang64@yahoo.com', '$2a$10$sampleHashedPassword', 'Xuân Lộc', 'Hoàng', '026 2648 3507', 4, 'local', false, 'https://cdn.jsdelivr.net/gh/faker-js/assets-person-portrait/male/512/67.jpg'),
('0899c840-e2d7-4c68-8485-6c25114e7c40', 'KimQuyen_Ly@yahoo.com', '$2a$10$sampleHashedPassword', 'Kim Quyên', 'Lý', '023 4604 5512', 5, 'local', true, 'https://cdn.jsdelivr.net/gh/faker-js/assets-person-portrait/male/512/39.jpg'),
('7a298b7f-c915-460a-b836-8198f57af3f2', 'DiemHang_Duong@yahoo.com', '$2a$10$sampleHashedPassword', 'Diễm Hằng', 'Dương', '0219 5596 1569', 4, 'local', true, 'https://cdn.jsdelivr.net/gh/faker-js/assets-person-portrait/female/512/14.jpg'),
('da21b0ec-a5dc-4780-aafd-4e081ddecc1c', 'LeChi.Tran@yahoo.com', '$2a$10$sampleHashedPassword', 'Lệ Chi', 'Trần', '0212 9731 0982', 5, 'local', false, 'https://avatars.githubusercontent.com/u/23505863'),
('8e97f804-4a60-4c23-816c-cdd6f7fe0613', 'QuocQuy.Pham97@gmail.com', '$2a$10$sampleHashedPassword', 'Quốc Quý', 'Phạm', '0215 8594 9549', 5, 'local', false, 'https://cdn.jsdelivr.net/gh/faker-js/assets-person-portrait/male/512/95.jpg'),
('4280a4fe-d15c-4219-b734-3078e826bd07', 'VienPhuong_Pham45@hotmail.com', '$2a$10$sampleHashedPassword', 'Viễn Phương', 'Phạm', '024 0626 8854', 4, 'local', true, 'https://cdn.jsdelivr.net/gh/faker-js/assets-person-portrait/male/512/43.jpg'),
('fe65cab6-ca32-48ec-bdc3-23e828c5061d', 'KieuMinh.Le13@gmail.com', '$2a$10$sampleHashedPassword', 'Kiều Minh', 'Lê', '024 7737 6159', 4, 'local', false, 'https://cdn.jsdelivr.net/gh/faker-js/assets-person-portrait/male/512/64.jpg'),
('64cab447-f116-4d16-845a-5cd9d579009c', 'CatLinh_Lam39@hotmail.com', '$2a$10$sampleHashedPassword', 'Cát Linh', 'Lâm', '0284 8434 2589', 4, 'local', true, 'https://avatars.githubusercontent.com/u/42510475'),
('4195163e-1337-401a-99ea-53d46b246c30', 'KhaAi_Lam74@yahoo.com', '$2a$10$sampleHashedPassword', 'Khả Ái', 'Lâm', '0214 3420 8030', 5, 'local', true, 'https://avatars.githubusercontent.com/u/31687554'),
('d0348a54-1e98-4264-8205-c18203a4a31f', 'Vien7kong.7kao88@hotmail.com', '$2a$10$sampleHashedPassword', 'Viễn Đông', 'Đào', '022 5329 0941', 5, 'local', false, 'https://avatars.githubusercontent.com/u/54444511'),
('94c7f4dd-aa9e-47ad-85c5-2bcfcffe5d91', 'VietTrinh.Vu95@gmail.com', '$2a$10$sampleHashedPassword', 'Việt Trinh', 'Vũ', '0242 9194 6411', 4, 'local', true, 'https://cdn.jsdelivr.net/gh/faker-js/assets-person-portrait/male/512/82.jpg'),
('faff06d0-8256-4766-a358-ccf49dce27f5', 'ThaoMai_Ho5@yahoo.com', '$2a$10$sampleHashedPassword', 'Thảo Mai', 'Hồ', '025 0149 9758', 5, 'local', false, 'https://cdn.jsdelivr.net/gh/faker-js/assets-person-portrait/male/512/99.jpg'),
('6f81b4c4-9135-443b-a35b-8e2b1bca0400', 'ThiYen_7kinh@hotmail.com', '$2a$10$sampleHashedPassword', 'Thi Yến', 'Đinh', '0216 4951 7712', 4, 'local', true, 'https://cdn.jsdelivr.net/gh/faker-js/assets-person-portrait/male/512/16.jpg');

-- 3. LOCATIONS
INSERT INTO locations (city, country, image_url, is_popular) VALUES 
('Hà Nội', 'Vietnam', 'https://loremflickr.com/640/480/Hà Nội,scenery', true),
('Hồ Chí Minh', 'Vietnam', 'https://loremflickr.com/640/480/Hồ Chí Minh,scenery', false),
('Đà Nẵng', 'Vietnam', 'https://loremflickr.com/640/480/Đà Nẵng,scenery', true),
('Hội An', 'Vietnam', 'https://loremflickr.com/640/480/Hội An,scenery', false),
('Phú Quốc', 'Vietnam', 'https://loremflickr.com/640/480/Phú Quốc,scenery', true),
('Nha Trang', 'Vietnam', 'https://loremflickr.com/640/480/Nha Trang,scenery', true),
('Đà Lạt', 'Vietnam', 'https://loremflickr.com/640/480/Đà Lạt,scenery', false),
('Sapa', 'Vietnam', 'https://loremflickr.com/640/480/Sapa,scenery', true);

-- 4. PROPERTIES
INSERT INTO properties (id, host_id, location_id, title, slug, description, type, address_full, status, rating_avg) VALUES 
('158a9563-7de0-4032-bcee-7e7be74b178b', '7a298b7f-c915-460a-b836-8198f57af3f2', (SELECT id FROM locations WHERE city = 'Đà Lạt' LIMIT 1), 'Apartment Công ty Phạm Đà Lạt', 'apartment-cong-ty-pham-a-lat', 'Năm hết là nón hai khâu thì khâu. Vá xanh xanh đá tàu mây leo không. Độc tủ bốn trăng tô tôi đã.', 'apartment', '8603 Đặng Neck', 'active', 3.1273062233641857),
('2f317d0a-1769-46e0-8e76-48ece24f93e0', '4280a4fe-d15c-4219-b734-3078e826bd07', (SELECT id FROM locations WHERE city = 'Hà Nội' LIMIT 1), 'Resort Cty TNHH Trần Hà Nội', 'resort-cty-tnhh-tran-ha-noi', 'Đồng tui chín ờ biết thôi hóa quần đá mây. Mướn hóa là. Đánh áo tám mua mười tàu đạp ngọt đánh.', 'resort', '158 Đỗ Well', 'active', 3.9062598850127506),
('ef782c44-e05f-49e7-ae44-1146bc7b2cac', '6f81b4c4-9135-443b-a35b-8e2b1bca0400', (SELECT id FROM locations WHERE city = 'Đà Nẵng' LIMIT 1), 'Hotel Cty Hồ Đà Nẵng', 'hotel-cty-ho-a-nang', 'Nước ừ đá vàng vẽ tôi cái một. Mua ừ biết áo xuồng mượn phá. Thế vàng không một thì đâu.', 'hotel', '13002 Hồ Flat', 'active', 4.623070820952687),
('3edfa249-5599-4211-963d-9883712bdfcf', '94c7f4dd-aa9e-47ad-85c5-2bcfcffe5d91', (SELECT id FROM locations WHERE city = 'Hồ Chí Minh' LIMIT 1), 'Hotel Cửa hàng Hà Hồ Chí Minh', 'hotel-cua-hang-ha-ho-chi-minh', 'Thôi kim xe chết. Sáu tôi thuê tàu leo thôi bàn bè ghế. Đồng yêu nước may tàu xe gì.', 'hotel', '628 Đặng Dam', 'active', 4.51517421592643),
('2d2f7ad0-877e-4774-8969-6907f67ae806', '94c7f4dd-aa9e-47ad-85c5-2bcfcffe5d91', (SELECT id FROM locations WHERE city = 'Hà Nội' LIMIT 1), 'Villa Chi nhánh Lâm Hà Nội', 'villa-chi-nhanh-lam-ha-noi', 'Bảy xanh nước trời độc ba ghế thích á. Khâu vẽ chìm đang á máy xuồng gì ghét biết. Ngọt núi núi nha mướn bàn.', 'villa', '35232 Hiểu Vân Hills', 'active', 3.042695533537583),
('dec5f672-ef54-4b2c-b15a-4fdd71765b99', 'd9805e2a-5a2d-434e-a1de-e475f8116432', (SELECT id FROM locations WHERE city = 'Phú Quốc' LIMIT 1), 'Homestay Công ty Ngô Phú Quốc', 'homestay-cong-ty-ngo-phu-quoc', 'Ừ thôi đã trời khâu là xuồng chín. Làm mượn đập khoảng bơi em tàu cái. Đỏ nhà hóa nước phá trời một.', 'homestay', '2394 Đình Nhân Haven', 'active', 3.292530666268631),
('b5c743be-67da-4dfb-ae94-eb1802680c8b', 'fe65cab6-ca32-48ec-bdc3-23e828c5061d', (SELECT id FROM locations WHERE city = 'Hội An' LIMIT 1), 'Hotel Cửa hàng Tô Hội An', 'hotel-cua-hang-to-hoi-an', 'Xe hai nước. Việc thuê tàu đâu yêu á hàng áo xanh quê. Chỉ nghỉ vàng trời quần tô sáu.', 'hotel', '99558 Vương Key', 'active', 4.640695102278172),
('f432bf78-555c-4128-a087-db1c92d42446', 'e8be4f75-1593-4d36-8226-2384b9e1c68a', (SELECT id FROM locations WHERE city = 'Đà Lạt' LIMIT 1), 'Apartment Trung tâm Lâm Đà Lạt', 'apartment-trung-tam-lam-a-lat', 'Ghét đập mười bơi may. Chìm nước chỉ viết. Tui hàng lầu ờ là ngọt vàng mượn được leo.', 'apartment', '11337 Hữu Trí Mission', 'active', 3.850092466293996),
('d32a07aa-d1aa-4973-836f-054f5b0b7261', '94c7f4dd-aa9e-47ad-85c5-2bcfcffe5d91', (SELECT id FROM locations WHERE city = 'Phú Quốc' LIMIT 1), 'Villa Cửa hàng Lê Phú Quốc', 'villa-cua-hang-le-phu-quoc', 'Việc nghỉ bàn. Dép thì ừ ghế làm ghế xanh ruộng. Biết khoảng đồng em viết.', 'villa', '903 Hiền Thục Common', 'active', 4.862535049749838),
('5ccc303a-2bbc-48df-9a05-d3a3a7cb1f5a', '4280a4fe-d15c-4219-b734-3078e826bd07', (SELECT id FROM locations WHERE city = 'Hà Nội' LIMIT 1), 'Homestay Chi nhánh Hà Hà Nội', 'homestay-chi-nhanh-ha-ha-noi', 'Ngọt xanh nước biển. Biết đâu mây mướn biết ghế ba. Làm hết giày hương.', 'homestay', '483 Lê Harbors', 'active', 3.4379882956895074),
('29d3c753-9714-4f94-a8b8-282589920e36', '7a298b7f-c915-460a-b836-8198f57af3f2', (SELECT id FROM locations WHERE city = 'Phú Quốc' LIMIT 1), 'Homestay Cửa hàng Vũ Phú Quốc', 'homestay-cua-hang-vu-phu-quoc', 'Nón khoảng may thế nghỉ biển. Đâu nước năm thích tàu. Máy gió khoảng.', 'homestay', '142 Trịnh Centers', 'active', 3.217106230537805),
('9c3c59fb-e231-4ddd-a987-bda11e492aa9', 'd9805e2a-5a2d-434e-a1de-e475f8116432', (SELECT id FROM locations WHERE city = 'Sapa' LIMIT 1), 'Homestay Cty Đào Sapa', 'homestay-cty-ao-sapa', 'Ruộng leo bốn thuê đỏ tím thế ờ dép. Bốn một thuê cửa tàu đang. Bốn bè cái một tui tím đang.', 'homestay', '4932 Hồng Khuê Ferry', 'active', 3.5215697521211426),
('b3e836a3-8305-489e-a364-01ef32393bfc', 'eb4ce09a-fb93-401a-be6f-f61a01c2a2a5', (SELECT id FROM locations WHERE city = 'Đà Nẵng' LIMIT 1), 'Resort Cty Đặng Đà Nẵng', 'resort-cty-ang-a-nang', 'Một tô nước khoan áo hóa bạn là cái. Mướn trời xanh cái vẽ nghỉ á may đánh. Vá bạn thương chỉ vẽ tàu tô thuê.', 'resort', '294 Hoàng Duệ Flats', 'active', 4.381131009910385),
('a81caf80-73c8-4908-ab15-28c69adce1b4', '6f81b4c4-9135-443b-a35b-8e2b1bca0400', (SELECT id FROM locations WHERE city = 'Hồ Chí Minh' LIMIT 1), 'Homestay Cty Trần Hồ Chí Minh', 'homestay-cty-tran-ho-chi-minh', 'Trời chín cửa ba trăng đạp em là giày ác. Sáu thì khoan gì tàu cái cái mây ác. Hương đá mười.', 'homestay', '725 Nam Sơn Station', 'active', 4.14370354714997),
('e5fa2ef3-6850-4298-a9c0-abf129d5d571', '4280a4fe-d15c-4219-b734-3078e826bd07', (SELECT id FROM locations WHERE city = 'Hồ Chí Minh' LIMIT 1), 'Hotel Cty Phạm Hồ Chí Minh', 'hotel-cty-pham-ho-chi-minh', 'Đã khoan chìm. Bảy cửa bàn kim là. Ruộng leo đập thuyền thuê tím biển bè trời.', 'hotel', '2848 Công Hiếu Keys', 'active', 4.217958376016962);

-- 5. ROOMS
INSERT INTO rooms (id, property_id, name, description, base_price, stock_quantity, max_adults) VALUES 
('8d0947f4-c7fa-4b22-ac31-4df3b3ac9ee7', '158a9563-7de0-4032-bcee-7e7be74b178b', 'Standard Room', 'Phòng tiện nghi, view đẹp', 1598387, 6, 2),
('46931955-2f93-4ddc-9735-a74a215de0b9', '158a9563-7de0-4032-bcee-7e7be74b178b', 'Family Room', 'Phòng tiện nghi, view đẹp', 984131, 8, 2),
('2dab04f4-260c-41f0-bc09-5e10ad6f3907', '2f317d0a-1769-46e0-8e76-48ece24f93e0', 'Penthouse', 'Phòng tiện nghi, view đẹp', 3011639, 8, 2),
('1ff4e9ef-914a-446b-9d1b-e951b0dc6a4b', '2f317d0a-1769-46e0-8e76-48ece24f93e0', 'Family Room', 'Phòng tiện nghi, view đẹp', 4824288, 6, 2),
('f3648b90-3184-40ab-b7fc-a44202d52494', '2f317d0a-1769-46e0-8e76-48ece24f93e0', 'Suite', 'Phòng tiện nghi, view đẹp', 4870690, 9, 2),
('ffbc90b8-adee-48e7-8150-2c8c3a4b99ca', 'ef782c44-e05f-49e7-ae44-1146bc7b2cac', 'Deluxe Room', 'Phòng tiện nghi, view đẹp', 4708004, 6, 2),
('23a15066-03bb-4827-8148-ae57749dfc77', 'ef782c44-e05f-49e7-ae44-1146bc7b2cac', 'Suite', 'Phòng tiện nghi, view đẹp', 2520902, 3, 2),
('d27cbbe1-0a22-428a-8b79-1b87b9098b26', '3edfa249-5599-4211-963d-9883712bdfcf', 'Suite', 'Phòng tiện nghi, view đẹp', 2714678, 5, 2),
('29a9f9ff-f3f1-4e1f-9142-32ef512a2761', '3edfa249-5599-4211-963d-9883712bdfcf', 'Family Room', 'Phòng tiện nghi, view đẹp', 751349, 6, 2),
('220bd1fc-095a-4002-86ad-3e0fa5959c77', '2d2f7ad0-877e-4774-8969-6907f67ae806', 'Family Room', 'Phòng tiện nghi, view đẹp', 3246340, 1, 2),
('ffd234ec-790d-415d-8c89-797d60e25ef4', '2d2f7ad0-877e-4774-8969-6907f67ae806', 'Deluxe Room', 'Phòng tiện nghi, view đẹp', 2585644, 4, 2),
('d0990662-c10f-4bd0-9025-5deb7f49f6eb', '2d2f7ad0-877e-4774-8969-6907f67ae806', 'Suite', 'Phòng tiện nghi, view đẹp', 3253764, 4, 2),
('bf301278-dc11-4ceb-b315-8aff6a448749', '2d2f7ad0-877e-4774-8969-6907f67ae806', 'Penthouse', 'Phòng tiện nghi, view đẹp', 4482570, 10, 2),
('40a16872-1a3a-4393-81bb-e3627f430a4e', 'dec5f672-ef54-4b2c-b15a-4fdd71765b99', 'Penthouse', 'Phòng tiện nghi, view đẹp', 2935805, 4, 2),
('a74e553e-aa61-4218-b301-71151d17f2ab', 'dec5f672-ef54-4b2c-b15a-4fdd71765b99', 'Suite', 'Phòng tiện nghi, view đẹp', 2416942, 7, 2),
('4c8ff6a9-17f1-4ef3-bca1-061bb4efae6d', 'dec5f672-ef54-4b2c-b15a-4fdd71765b99', 'Deluxe Room', 'Phòng tiện nghi, view đẹp', 4543005, 8, 2),
('9b06e091-f0b3-46fd-bbaa-4709a2ccdd66', 'dec5f672-ef54-4b2c-b15a-4fdd71765b99', 'Suite', 'Phòng tiện nghi, view đẹp', 1078348, 5, 2),
('9070308b-2c2c-4a9c-997b-f78033142d6d', 'b5c743be-67da-4dfb-ae94-eb1802680c8b', 'Deluxe Room', 'Phòng tiện nghi, view đẹp', 4942645, 5, 2),
('3d87c402-4946-448e-93c9-09096105c454', 'b5c743be-67da-4dfb-ae94-eb1802680c8b', 'Penthouse', 'Phòng tiện nghi, view đẹp', 4945188, 3, 2),
('a35739c1-8310-4ddc-ac30-33c1ee359150', 'b5c743be-67da-4dfb-ae94-eb1802680c8b', 'Deluxe Room', 'Phòng tiện nghi, view đẹp', 1399204, 4, 2),
('81e69d3e-7d67-4e6b-80a2-c57f9b05ae1e', 'f432bf78-555c-4128-a087-db1c92d42446', 'Deluxe Room', 'Phòng tiện nghi, view đẹp', 556957, 1, 2),
('19722a13-1548-4dbe-8d3c-4dad423c9d32', 'f432bf78-555c-4128-a087-db1c92d42446', 'Suite', 'Phòng tiện nghi, view đẹp', 2866117, 3, 2),
('9e2d3484-b2ab-4a60-a3b3-816f7c1579d4', 'f432bf78-555c-4128-a087-db1c92d42446', 'Deluxe Room', 'Phòng tiện nghi, view đẹp', 3402018, 5, 2),
('2ce17e1a-ace9-4870-863c-281fb77ea7d4', 'f432bf78-555c-4128-a087-db1c92d42446', 'Suite', 'Phòng tiện nghi, view đẹp', 2050258, 10, 2),
('3e932fa4-dbe0-4b80-a79f-d3608520383a', 'd32a07aa-d1aa-4973-836f-054f5b0b7261', 'Family Room', 'Phòng tiện nghi, view đẹp', 4935937, 9, 2),
('9631b626-bfb6-48fa-9150-829bc8229d13', 'd32a07aa-d1aa-4973-836f-054f5b0b7261', 'Penthouse', 'Phòng tiện nghi, view đẹp', 3474890, 8, 2),
('bd3a6cbe-1a57-4e0c-b44e-1fbf51343529', 'd32a07aa-d1aa-4973-836f-054f5b0b7261', 'Suite', 'Phòng tiện nghi, view đẹp', 4213346, 3, 2),
('cede2e01-59a4-4f1f-921b-783a39cc1ba8', '5ccc303a-2bbc-48df-9a05-d3a3a7cb1f5a', 'Suite', 'Phòng tiện nghi, view đẹp', 3992437, 5, 2),
('1e3cccef-c9f5-4721-a850-7a8b3e661103', '5ccc303a-2bbc-48df-9a05-d3a3a7cb1f5a', 'Deluxe Room', 'Phòng tiện nghi, view đẹp', 3884104, 2, 2),
('ef6369f0-6d5d-41b0-b2b1-70065c254646', '5ccc303a-2bbc-48df-9a05-d3a3a7cb1f5a', 'Deluxe Room', 'Phòng tiện nghi, view đẹp', 1635008, 6, 2),
('62e93f51-5eb1-492c-a4d5-74d43a4578f2', '29d3c753-9714-4f94-a8b8-282589920e36', 'Penthouse', 'Phòng tiện nghi, view đẹp', 4583601, 1, 2),
('47db0805-e587-45bc-b71e-c20166f9cd30', '29d3c753-9714-4f94-a8b8-282589920e36', 'Suite', 'Phòng tiện nghi, view đẹp', 565418, 3, 2),
('9e648afe-84b7-4318-a922-f2684399504b', '29d3c753-9714-4f94-a8b8-282589920e36', 'Deluxe Room', 'Phòng tiện nghi, view đẹp', 4813934, 3, 2),
('7b4d2cf4-1b07-4040-906d-037d15c6f988', '29d3c753-9714-4f94-a8b8-282589920e36', 'Family Room', 'Phòng tiện nghi, view đẹp', 3088365, 2, 2),
('63db08cd-8409-4a79-9156-f8c3dfc8cdd0', '9c3c59fb-e231-4ddd-a987-bda11e492aa9', 'Penthouse', 'Phòng tiện nghi, view đẹp', 1359611, 10, 2),
('8d4b307c-f6d0-4bf2-9394-dd2f38a0635e', '9c3c59fb-e231-4ddd-a987-bda11e492aa9', 'Standard Room', 'Phòng tiện nghi, view đẹp', 2734086, 9, 2),
('4e179f42-ea46-49ee-a816-bf652e364ed7', 'b3e836a3-8305-489e-a364-01ef32393bfc', 'Standard Room', 'Phòng tiện nghi, view đẹp', 1908980, 4, 2),
('b3db1974-0ced-4825-8e34-e30ad8e365c7', 'b3e836a3-8305-489e-a364-01ef32393bfc', 'Suite', 'Phòng tiện nghi, view đẹp', 1288174, 4, 2),
('ee71d08d-8328-41ef-9b27-eed7faf3a775', 'a81caf80-73c8-4908-ab15-28c69adce1b4', 'Standard Room', 'Phòng tiện nghi, view đẹp', 2346366, 8, 2),
('9e6d3c04-a51b-49da-aecf-074612e58f54', 'a81caf80-73c8-4908-ab15-28c69adce1b4', 'Penthouse', 'Phòng tiện nghi, view đẹp', 1162834, 3, 2),
('0f29f67e-5d9c-4455-a3c8-06852a6f81c8', 'e5fa2ef3-6850-4298-a9c0-abf129d5d571', 'Suite', 'Phòng tiện nghi, view đẹp', 3529473, 2, 2),
('196c5e19-e3c1-4417-b3ab-e9970a190e73', 'e5fa2ef3-6850-4298-a9c0-abf129d5d571', 'Standard Room', 'Phòng tiện nghi, view đẹp', 1153076, 7, 2),
('d7b19b89-f6ae-458c-94d3-c04a331708a2', 'e5fa2ef3-6850-4298-a9c0-abf129d5d571', 'Standard Room', 'Phòng tiện nghi, view đẹp', 3080747, 9, 2);

-- 6. AMENITIES
INSERT INTO amenities (name, icon, type) VALUES 
('Wifi', 'icon-wifi', 'general'),
('Pool', 'icon-pool', 'general'),
('Spa', 'icon-spa', 'general'),
('Parking', 'icon-parking', 'general'),
('AC', 'icon-ac', 'general'),
('TV', 'icon-tv', 'general'),
('Kitchen', 'icon-kitchen', 'kitchen'),
('Fridge', 'icon-fridge', 'kitchen'),
('Hot Water', 'icon-hot water', 'bathroom'),
('Bathtub', 'icon-bathtub', 'bathroom');

-- PROPERTY AMENITIES
INSERT INTO property_amenities (property_id, amenity_id) VALUES 
('158a9563-7de0-4032-bcee-7e7be74b178b', 1),
('158a9563-7de0-4032-bcee-7e7be74b178b', 2),
('158a9563-7de0-4032-bcee-7e7be74b178b', 3),
('158a9563-7de0-4032-bcee-7e7be74b178b', 4),
('158a9563-7de0-4032-bcee-7e7be74b178b', 5),
('2f317d0a-1769-46e0-8e76-48ece24f93e0', 1),
('2f317d0a-1769-46e0-8e76-48ece24f93e0', 2),
('2f317d0a-1769-46e0-8e76-48ece24f93e0', 3),
('2f317d0a-1769-46e0-8e76-48ece24f93e0', 4),
('2f317d0a-1769-46e0-8e76-48ece24f93e0', 5),
('ef782c44-e05f-49e7-ae44-1146bc7b2cac', 1),
('ef782c44-e05f-49e7-ae44-1146bc7b2cac', 2),
('ef782c44-e05f-49e7-ae44-1146bc7b2cac', 3),
('ef782c44-e05f-49e7-ae44-1146bc7b2cac', 4),
('ef782c44-e05f-49e7-ae44-1146bc7b2cac', 5),
('3edfa249-5599-4211-963d-9883712bdfcf', 1),
('3edfa249-5599-4211-963d-9883712bdfcf', 2),
('3edfa249-5599-4211-963d-9883712bdfcf', 3),
('3edfa249-5599-4211-963d-9883712bdfcf', 4),
('3edfa249-5599-4211-963d-9883712bdfcf', 5),
('2d2f7ad0-877e-4774-8969-6907f67ae806', 1),
('2d2f7ad0-877e-4774-8969-6907f67ae806', 2),
('2d2f7ad0-877e-4774-8969-6907f67ae806', 3),
('2d2f7ad0-877e-4774-8969-6907f67ae806', 4),
('2d2f7ad0-877e-4774-8969-6907f67ae806', 5),
('dec5f672-ef54-4b2c-b15a-4fdd71765b99', 1),
('dec5f672-ef54-4b2c-b15a-4fdd71765b99', 2),
('dec5f672-ef54-4b2c-b15a-4fdd71765b99', 3),
('dec5f672-ef54-4b2c-b15a-4fdd71765b99', 4),
('dec5f672-ef54-4b2c-b15a-4fdd71765b99', 5),
('b5c743be-67da-4dfb-ae94-eb1802680c8b', 1),
('b5c743be-67da-4dfb-ae94-eb1802680c8b', 2),
('b5c743be-67da-4dfb-ae94-eb1802680c8b', 3),
('b5c743be-67da-4dfb-ae94-eb1802680c8b', 4),
('b5c743be-67da-4dfb-ae94-eb1802680c8b', 5),
('f432bf78-555c-4128-a087-db1c92d42446', 1),
('f432bf78-555c-4128-a087-db1c92d42446', 2),
('f432bf78-555c-4128-a087-db1c92d42446', 3),
('f432bf78-555c-4128-a087-db1c92d42446', 4),
('f432bf78-555c-4128-a087-db1c92d42446', 5),
('d32a07aa-d1aa-4973-836f-054f5b0b7261', 1),
('d32a07aa-d1aa-4973-836f-054f5b0b7261', 2),
('d32a07aa-d1aa-4973-836f-054f5b0b7261', 3),
('d32a07aa-d1aa-4973-836f-054f5b0b7261', 4),
('d32a07aa-d1aa-4973-836f-054f5b0b7261', 5),
('5ccc303a-2bbc-48df-9a05-d3a3a7cb1f5a', 1),
('5ccc303a-2bbc-48df-9a05-d3a3a7cb1f5a', 2),
('5ccc303a-2bbc-48df-9a05-d3a3a7cb1f5a', 3),
('5ccc303a-2bbc-48df-9a05-d3a3a7cb1f5a', 4),
('5ccc303a-2bbc-48df-9a05-d3a3a7cb1f5a', 5),
('29d3c753-9714-4f94-a8b8-282589920e36', 1),
('29d3c753-9714-4f94-a8b8-282589920e36', 2),
('29d3c753-9714-4f94-a8b8-282589920e36', 3),
('29d3c753-9714-4f94-a8b8-282589920e36', 4),
('29d3c753-9714-4f94-a8b8-282589920e36', 5),
('9c3c59fb-e231-4ddd-a987-bda11e492aa9', 1),
('9c3c59fb-e231-4ddd-a987-bda11e492aa9', 2),
('9c3c59fb-e231-4ddd-a987-bda11e492aa9', 3),
('9c3c59fb-e231-4ddd-a987-bda11e492aa9', 4),
('9c3c59fb-e231-4ddd-a987-bda11e492aa9', 5),
('b3e836a3-8305-489e-a364-01ef32393bfc', 1),
('b3e836a3-8305-489e-a364-01ef32393bfc', 2),
('b3e836a3-8305-489e-a364-01ef32393bfc', 3),
('b3e836a3-8305-489e-a364-01ef32393bfc', 4),
('b3e836a3-8305-489e-a364-01ef32393bfc', 5),
('a81caf80-73c8-4908-ab15-28c69adce1b4', 1),
('a81caf80-73c8-4908-ab15-28c69adce1b4', 2),
('a81caf80-73c8-4908-ab15-28c69adce1b4', 3),
('a81caf80-73c8-4908-ab15-28c69adce1b4', 4),
('a81caf80-73c8-4908-ab15-28c69adce1b4', 5),
('e5fa2ef3-6850-4298-a9c0-abf129d5d571', 1),
('e5fa2ef3-6850-4298-a9c0-abf129d5d571', 2),
('e5fa2ef3-6850-4298-a9c0-abf129d5d571', 3),
('e5fa2ef3-6850-4298-a9c0-abf129d5d571', 4),
('e5fa2ef3-6850-4298-a9c0-abf129d5d571', 5) ON CONFLICT DO NOTHING;

-- 7. BOOKINGS
INSERT INTO bookings (id, user_id, property_id, room_id, check_in_date, check_out_date, total_price, final_price, status) VALUES 
('BK-RKJIJMGH', 'd9805e2a-5a2d-434e-a1de-e475f8116432', 'f432bf78-555c-4128-a087-db1c92d42446', '81e69d3e-7d67-4e6b-80a2-c57f9b05ae1e', '2026-01-06', '2026-01-10', 556957, 556957, 'confirmed'),
('BK-OJZFNGNG', '8e97f804-4a60-4c23-816c-cdd6f7fe0613', '2d2f7ad0-877e-4774-8969-6907f67ae806', '220bd1fc-095a-4002-86ad-3e0fa5959c77', '2026-10-18', '2026-10-20', 3246340, 3246340, 'confirmed'),
('BK-SMZMEOTT', '3af419cf-6323-4110-96c6-6923ce5a2b37', 'ef782c44-e05f-49e7-ae44-1146bc7b2cac', '23a15066-03bb-4827-8148-ae57749dfc77', '2026-01-05', '2026-01-08', 2520902, 2520902, 'confirmed'),
('BK-YBNXBPDD', 'c5e109f5-82a8-4678-b6b8-1a4714e75699', '158a9563-7de0-4032-bcee-7e7be74b178b', '8d0947f4-c7fa-4b22-ac31-4df3b3ac9ee7', '2026-10-19', '2026-10-22', 1598387, 1598387, 'confirmed'),
('BK-8QAB4VLQ', 'eb4ce09a-fb93-401a-be6f-f61a01c2a2a5', '5ccc303a-2bbc-48df-9a05-d3a3a7cb1f5a', 'ef6369f0-6d5d-41b0-b2b1-70065c254646', '2026-11-05', '2026-11-08', 1635008, 1635008, 'confirmed'),
('BK-4HRGZWP4', 'd9805e2a-5a2d-434e-a1de-e475f8116432', '158a9563-7de0-4032-bcee-7e7be74b178b', '8d0947f4-c7fa-4b22-ac31-4df3b3ac9ee7', '2026-08-22', '2026-08-26', 1598387, 1598387, 'confirmed'),
('BK-CSQMYRAS', 'd0348a54-1e98-4264-8205-c18203a4a31f', '2f317d0a-1769-46e0-8e76-48ece24f93e0', 'f3648b90-3184-40ab-b7fc-a44202d52494', '2026-05-28', '2026-05-29', 4870690, 4870690, 'confirmed'),
('BK-E7MTITLB', '9a746f81-6c1e-4346-8f73-3683147efae5', '5ccc303a-2bbc-48df-9a05-d3a3a7cb1f5a', 'ef6369f0-6d5d-41b0-b2b1-70065c254646', '2026-06-24', '2026-06-25', 1635008, 1635008, 'confirmed'),
('BK-V9R0FBQQ', '3af419cf-6323-4110-96c6-6923ce5a2b37', 'ef782c44-e05f-49e7-ae44-1146bc7b2cac', '23a15066-03bb-4827-8148-ae57749dfc77', '2026-01-07', '2026-01-10', 2520902, 2520902, 'confirmed'),
('BK-EZXS0AXT', '7a298b7f-c915-460a-b836-8198f57af3f2', 'e5fa2ef3-6850-4298-a9c0-abf129d5d571', '0f29f67e-5d9c-4455-a3c8-06852a6f81c8', '2026-07-21', '2026-07-22', 3529473, 3529473, 'confirmed'),
('BK-ZLU9G85O', 'c5e109f5-82a8-4678-b6b8-1a4714e75699', '2f317d0a-1769-46e0-8e76-48ece24f93e0', '2dab04f4-260c-41f0-bc09-5e10ad6f3907', '2026-04-03', '2026-04-08', 3011639, 3011639, 'confirmed'),
('BK-2WNH454B', '9a746f81-6c1e-4346-8f73-3683147efae5', '2d2f7ad0-877e-4774-8969-6907f67ae806', 'ffd234ec-790d-415d-8c89-797d60e25ef4', '2026-09-04', '2026-09-08', 2585644, 2585644, 'confirmed'),
('BK-QLMHRPM9', 'd6a4dd59-3fc2-4189-a3bc-222b21ccfd03', '2d2f7ad0-877e-4774-8969-6907f67ae806', 'd0990662-c10f-4bd0-9025-5deb7f49f6eb', '2026-11-17', '2026-11-19', 3253764, 3253764, 'confirmed'),
('BK-6SOUKUML', 'da21b0ec-a5dc-4780-aafd-4e081ddecc1c', 'a81caf80-73c8-4908-ab15-28c69adce1b4', 'ee71d08d-8328-41ef-9b27-eed7faf3a775', '2026-11-28', '2026-12-01', 2346366, 2346366, 'confirmed'),
('BK-SVAJHHFD', '7a298b7f-c915-460a-b836-8198f57af3f2', '29d3c753-9714-4f94-a8b8-282589920e36', '9e648afe-84b7-4318-a922-f2684399504b', '2026-04-14', '2026-04-16', 4813934, 4813934, 'confirmed'),
('BK-UK4IISBX', '7a298b7f-c915-460a-b836-8198f57af3f2', '29d3c753-9714-4f94-a8b8-282589920e36', '62e93f51-5eb1-492c-a4d5-74d43a4578f2', '2026-02-19', '2026-02-21', 4583601, 4583601, 'confirmed'),
('BK-XI5KLOOY', 'da21b0ec-a5dc-4780-aafd-4e081ddecc1c', 'd32a07aa-d1aa-4973-836f-054f5b0b7261', '9631b626-bfb6-48fa-9150-829bc8229d13', '2026-07-23', '2026-07-28', 3474890, 3474890, 'confirmed'),
('BK-OYQ0ETB5', 'b20c9354-3828-4ed2-bea0-598bfde46761', '2f317d0a-1769-46e0-8e76-48ece24f93e0', 'f3648b90-3184-40ab-b7fc-a44202d52494', '2026-02-22', '2026-02-26', 4870690, 4870690, 'confirmed'),
('BK-PH11YGFE', 'e8be4f75-1593-4d36-8226-2384b9e1c68a', '9c3c59fb-e231-4ddd-a987-bda11e492aa9', '63db08cd-8409-4a79-9156-f8c3dfc8cdd0', '2026-10-11', '2026-10-15', 1359611, 1359611, 'confirmed'),
('BK-UGLX8YHU', '94c7f4dd-aa9e-47ad-85c5-2bcfcffe5d91', 'e5fa2ef3-6850-4298-a9c0-abf129d5d571', 'd7b19b89-f6ae-458c-94d3-c04a331708a2', '2026-04-05', '2026-04-07', 3080747, 3080747, 'confirmed');

